Scan_params_set,Peak_x_set,Peak_y_set,Centroid_x_set,Centroid_y_set,A_set,Sx_set,Sy_set,X0_set,Y0_set,Wavelength_set,Atom_number_set,Folder_path,Files_used
0.00103,671.0,921.0,624.0,901.0,0.009014879858191605,140.1125125622601,351.8734467732195,906.0572078510436,703.5892165476124,7.8024602089e-07,6609171.885100927,../results/2025-09-10/13/,"000010452-AbsorptionImageExpFrag.h5, 000010456-AbsorptionImageExpFrag.h5, 000010454-AbsorptionImageExpFrag.h5, 000010453-AbsorptionImageExpFrag.h5, 000010455-AbsorptionImageExpFrag.h5, 000010451-AbsorptionImageExpFrag.h5"
0.00303,666.0,923.0,656.0,918.0,2.5089176251860557,12.851619773809238,21.023199482383905,922.6761520551293,665.0931535434812,7.8024602089e-07,11807385.108700119,../results/2025-09-10/13/,"000010452-AbsorptionImageExpFrag.h5, 000010456-AbsorptionImageExpFrag.h5, 000010454-AbsorptionImageExpFrag.h5, 000010453-AbsorptionImageExpFrag.h5, 000010455-AbsorptionImageExpFrag.h5, 000010451-AbsorptionImageExpFrag.h5"
0.00503,665.0,922.0,659.0,916.0,1.9179920258526202,15.41547607885552,22.66798081201538,921.9497884450907,662.4740482227545,7.8024602089e-07,11714619.345384391,../results/2025-09-10/13/,"000010452-AbsorptionImageExpFrag.h5, 000010456-AbsorptionImageExpFrag.h5, 000010454-AbsorptionImageExpFrag.h5, 000010453-AbsorptionImageExpFrag.h5, 000010455-AbsorptionImageExpFrag.h5, 000010451-AbsorptionImageExpFrag.h5"
0.00703,660.0,918.0,672.0,918.0,1.4285418055520052,17.895316112499177,24.833621136489004,921.4427386964876,657.4013132785658,7.8024602089e-07,11214520.746550214,../results/2025-09-10/13/,"000010452-AbsorptionImageExpFrag.h5, 000010456-AbsorptionImageExpFrag.h5, 000010454-AbsorptionImageExpFrag.h5, 000010453-AbsorptionImageExpFrag.h5, 000010455-AbsorptionImageExpFrag.h5, 000010451-AbsorptionImageExpFrag.h5"
0.009030000000000002,653.0,922.0,663.0,919.0,1.0799443030045404,19.981611518426106,25.640525262212094,920.933837540068,653.3557590243247,7.8024602089e-07,9871614.76784273,../results/2025-09-10/13/,"000010452-AbsorptionImageExpFrag.h5, 000010456-AbsorptionImageExpFrag.h5, 000010454-AbsorptionImageExpFrag.h5, 000010453-AbsorptionImageExpFrag.h5, 000010455-AbsorptionImageExpFrag.h5, 000010451-AbsorptionImageExpFrag.h5"
0.01103,650.0,922.0,645.0,916.0,0.9280089820842011,25.752335138495425,32.4132356019348,920.0860333255785,644.4345201156779,7.8024602089e-07,13630353.758667666,../results/2025-09-10/13/,"000010452-AbsorptionImageExpFrag.h5, 000010456-AbsorptionImageExpFrag.h5, 000010454-AbsorptionImageExpFrag.h5, 000010453-AbsorptionImageExpFrag.h5, 000010455-AbsorptionImageExpFrag.h5, 000010451-AbsorptionImageExpFrag.h5"
0.013030000000000002,636.0,922.0,632.0,914.0,0.7044466468022349,28.632175586961296,35.217252435509444,919.4323831257518,635.6181414027973,7.8024602089e-07,12547429.084939923,../results/2025-09-10/13/,"000010452-AbsorptionImageExpFrag.h5, 000010456-AbsorptionImageExpFrag.h5, 000010454-AbsorptionImageExpFrag.h5, 000010453-AbsorptionImageExpFrag.h5, 000010455-AbsorptionImageExpFrag.h5, 000010451-AbsorptionImageExpFrag.h5"
0.01503,619.0,911.0,621.0,912.0,0.5958976875504944,33.17819787825272,39.839946850727294,918.5449984626198,625.077595977071,7.8024602089e-07,13816566.9410715,../results/2025-09-10/13/,"000010452-AbsorptionImageExpFrag.h5, 000010456-AbsorptionImageExpFrag.h5, 000010454-AbsorptionImageExpFrag.h5, 000010453-AbsorptionImageExpFrag.h5, 000010455-AbsorptionImageExpFrag.h5, 000010451-AbsorptionImageExpFrag.h5"
0.01703,620.0,910.0,647.0,915.0,0.3591430461430042,29.36412867337975,34.812987152280606,917.9669712889993,613.5415486561069,7.8024602089e-07,6577652.961361607,../results/2025-09-10/13/,"000010452-AbsorptionImageExpFrag.h5, 000010456-AbsorptionImageExpFrag.h5, 000010454-AbsorptionImageExpFrag.h5, 000010453-AbsorptionImageExpFrag.h5, 000010455-AbsorptionImageExpFrag.h5, 000010451-AbsorptionImageExpFrag.h5"
0.01903,601.0,920.0,604.0,909.0,0.3636617388990897,41.57549225013787,48.67524281940047,917.4099118431097,598.1410816902381,7.8024602089e-07,12863562.697940363,../results/2025-09-10/13/,"000010452-AbsorptionImageExpFrag.h5, 000010456-AbsorptionImageExpFrag.h5, 000010454-AbsorptionImageExpFrag.h5, 000010453-AbsorptionImageExpFrag.h5, 000010455-AbsorptionImageExpFrag.h5, 000010451-AbsorptionImageExpFrag.h5"
0.02103,583.0,912.0,595.0,911.0,0.3302937451910921,42.29513473965743,48.86202744672287,916.97017359549,584.6485760924277,7.8024602089e-07,12064350.91759463,../results/2025-09-10/13/,"000010452-AbsorptionImageExpFrag.h5, 000010456-AbsorptionImageExpFrag.h5, 000010454-AbsorptionImageExpFrag.h5, 000010453-AbsorptionImageExpFrag.h5, 000010455-AbsorptionImageExpFrag.h5, 000010451-AbsorptionImageExpFrag.h5"
0.00103,674.0,923.0,572.0,899.0,0.095282460321787,149.9816618730261,196.99300253583476,900.7322109461395,560.1967104219488,7.8024602089e-07,50123586.858524054,../results/2025-09-10/13/,"000010452-AbsorptionImageExpFrag.h5, 000010456-AbsorptionImageExpFrag.h5, 000010454-AbsorptionImageExpFrag.h5, 000010453-AbsorptionImageExpFrag.h5, 000010455-AbsorptionImageExpFrag.h5, 000010451-AbsorptionImageExpFrag.h5"
0.00303,667.0,925.0,659.0,919.0,2.357297544292157,12.78947831145331,21.134923563904938,922.6189392654796,665.4741655653108,7.8024602089e-07,11113912.690187447,../results/2025-09-10/13/,"000010452-AbsorptionImageExpFrag.h5, 000010456-AbsorptionImageExpFrag.h5, 000010454-AbsorptionImageExpFrag.h5, 000010453-AbsorptionImageExpFrag.h5, 000010455-AbsorptionImageExpFrag.h5, 000010451-AbsorptionImageExpFrag.h5"
0.00503,665.0,922.0,648.0,916.0,1.9607322166139338,15.509287773522727,22.983696992480223,922.0962813305825,662.1495060128861,7.8024602089e-07,12205476.984717268,../results/2025-09-10/13/,"000010452-AbsorptionImageExpFrag.h5, 000010456-AbsorptionImageExpFrag.h5, 000010454-AbsorptionImageExpFrag.h5, 000010453-AbsorptionImageExpFrag.h5, 000010455-AbsorptionImageExpFrag.h5, 000010451-AbsorptionImageExpFrag.h5"
0.00703,660.0,920.0,640.0,913.0,1.62180113413572,19.122758191497756,26.003212135123743,920.863623361425,658.4082157013822,7.8024602089e-07,14064891.977915235,../results/2025-09-10/13/,"000010452-AbsorptionImageExpFrag.h5, 000010456-AbsorptionImageExpFrag.h5, 000010454-AbsorptionImageExpFrag.h5, 000010453-AbsorptionImageExpFrag.h5, 000010455-AbsorptionImageExpFrag.h5, 000010451-AbsorptionImageExpFrag.h5"
0.009030000000000002,649.0,924.0,664.0,916.0,1.0511646031993582,21.572952683427044,28.047123726731826,920.120844099479,650.8988402013723,7.8024602089e-07,11221502.304061068,../results/2025-09-10/13/,"000010452-AbsorptionImageExpFrag.h5, 000010456-AbsorptionImageExpFrag.h5, 000010454-AbsorptionImageExpFrag.h5, 000010453-AbsorptionImageExpFrag.h5, 000010455-AbsorptionImageExpFrag.h5, 000010451-AbsorptionImageExpFrag.h5"
0.01103,650.0,922.0,633.0,913.0,0.9245989786900178,26.126065227804784,32.740427208090345,919.9646617421181,644.6823284014711,7.8024602089e-07,13880328.343002846,../results/2025-09-10/13/,"000010452-AbsorptionImageExpFrag.h5, 000010456-AbsorptionImageExpFrag.h5, 000010454-AbsorptionImageExpFrag.h5, 000010453-AbsorptionImageExpFrag.h5, 000010455-AbsorptionImageExpFrag.h5, 000010451-AbsorptionImageExpFrag.h5"
0.013030000000000002,642.0,917.0,634.0,914.0,0.6579058559691967,28.862764544194683,35.48972393401608,919.4827784961578,635.1736369711635,7.8024602089e-07,11880238.918132054,../results/2025-09-10/13/,"000010452-AbsorptionImageExpFrag.h5, 000010456-AbsorptionImageExpFrag.h5, 000010454-AbsorptionImageExpFrag.h5, 000010453-AbsorptionImageExpFrag.h5, 000010455-AbsorptionImageExpFrag.h5, 000010451-AbsorptionImageExpFrag.h5"
0.01503,626.0,917.0,622.0,914.0,0.514454011278089,31.884389641582068,38.283747226679985,918.9837058738362,624.4058111471037,7.8024602089e-07,11083015.143867508,../results/2025-09-10/13/,"000010452-AbsorptionImageExpFrag.h5, 000010456-AbsorptionImageExpFrag.h5, 000010454-AbsorptionImageExpFrag.h5, 000010453-AbsorptionImageExpFrag.h5, 000010455-AbsorptionImageExpFrag.h5, 000010451-AbsorptionImageExpFrag.h5"
0.01703,618.0,911.0,610.0,910.0,0.4561892686526723,37.806312829589004,44.78472401989131,918.2166438776967,611.2350339885885,7.8024602089e-07,13526085.261585217,../results/2025-09-10/13/,"000010452-AbsorptionImageExpFrag.h5, 000010456-AbsorptionImageExpFrag.h5, 000010454-AbsorptionImageExpFrag.h5, 000010453-AbsorptionImageExpFrag.h5, 000010455-AbsorptionImageExpFrag.h5, 000010451-AbsorptionImageExpFrag.h5"
0.01903,600.0,920.0,610.0,913.0,0.37867239509711303,38.849575344293235,45.493963162920274,917.6836494820677,599.0901717078746,7.8024602089e-07,11835678.077717837,../results/2025-09-10/13/,"000010452-AbsorptionImageExpFrag.h5, 000010456-AbsorptionImageExpFrag.h5, 000010454-AbsorptionImageExpFrag.h5, 000010453-AbsorptionImageExpFrag.h5, 000010455-AbsorptionImageExpFrag.h5, 000010451-AbsorptionImageExpFrag.h5"
0.02103,585.0,911.0,629.0,915.0,0.22003651833159843,31.09535006100675,36.00738671729881,917.3207775259673,584.9477485372644,7.8024602089e-07,4421668.331925262,../results/2025-09-10/13/,"000010452-AbsorptionImageExpFrag.h5, 000010456-AbsorptionImageExpFrag.h5, 000010454-AbsorptionImageExpFrag.h5, 000010453-AbsorptionImageExpFrag.h5, 000010455-AbsorptionImageExpFrag.h5, 000010451-AbsorptionImageExpFrag.h5"
0.00103,673.0,922.0,596.0,900.0,0.03460561181668487,146.03637732784986,250.22124122360032,904.0646316785185,599.8531502608008,7.8024602089e-07,21636553.3631105,../results/2025-09-10/13/,"000010452-AbsorptionImageExpFrag.h5, 000010456-AbsorptionImageExpFrag.h5, 000010454-AbsorptionImageExpFrag.h5, 000010453-AbsorptionImageExpFrag.h5, 000010455-AbsorptionImageExpFrag.h5, 000010451-AbsorptionImageExpFrag.h5"
0.00303,666.0,922.0,593.0,905.0,2.4282028549616683,13.883210985070093,22.636297532326893,922.3041539143951,664.9839907179932,7.8024602089e-07,13118852.623882212,../results/2025-09-10/13/,"000010452-AbsorptionImageExpFrag.h5, 000010456-AbsorptionImageExpFrag.h5, 000010454-AbsorptionImageExpFrag.h5, 000010453-AbsorptionImageExpFrag.h5, 000010455-AbsorptionImageExpFrag.h5, 000010451-AbsorptionImageExpFrag.h5"
0.00503,664.0,922.0,647.0,916.0,2.0107919687935194,15.757474399859914,23.893919301199237,922.5795579666678,661.9263245261999,7.8024602089e-07,13180577.27185911,../results/2025-09-10/13/,"000010452-AbsorptionImageExpFrag.h5, 000010456-AbsorptionImageExpFrag.h5, 000010454-AbsorptionImageExpFrag.h5, 000010453-AbsorptionImageExpFrag.h5, 000010455-AbsorptionImageExpFrag.h5, 000010451-AbsorptionImageExpFrag.h5"
0.00703,659.0,918.0,633.0,911.0,1.4107161157056547,19.677754228852102,27.45030108026223,920.3944330070331,656.7713065012348,7.8024602089e-07,13260996.772364369,../results/2025-09-10/13/,"000010452-AbsorptionImageExpFrag.h5, 000010456-AbsorptionImageExpFrag.h5, 000010454-AbsorptionImageExpFrag.h5, 000010453-AbsorptionImageExpFrag.h5, 000010455-AbsorptionImageExpFrag.h5, 000010451-AbsorptionImageExpFrag.h5"
0.009030000000000002,652.0,922.0,647.0,914.0,1.079282616228317,22.64406688451535,29.401230822956936,920.4725990730201,650.7461768145671,7.8024602089e-07,12580131.65557421,../results/2025-09-10/13/,"000010452-AbsorptionImageExpFrag.h5, 000010456-AbsorptionImageExpFrag.h5, 000010454-AbsorptionImageExpFrag.h5, 000010453-AbsorptionImageExpFrag.h5, 000010455-AbsorptionImageExpFrag.h5, 000010451-AbsorptionImageExpFrag.h5"
0.01103,647.0,921.0,636.0,912.0,0.8655806734336879,26.05248107432042,32.698263135124805,919.5415541238813,644.5817132910644,7.8024602089e-07,12953309.780983957,../results/2025-09-10/13/,"000010452-AbsorptionImageExpFrag.h5, 000010456-AbsorptionImageExpFrag.h5, 000010454-AbsorptionImageExpFrag.h5, 000010453-AbsorptionImageExpFrag.h5, 000010455-AbsorptionImageExpFrag.h5, 000010451-AbsorptionImageExpFrag.h5"
0.013030000000000002,637.0,925.0,595.0,905.0,0.6751277372350434,35.62126717624201,43.295302275563074,919.4373351684819,634.5062885250371,7.8024602089e-07,17694464.456721056,../results/2025-09-10/13/,"000010452-AbsorptionImageExpFrag.h5, 000010456-AbsorptionImageExpFrag.h5, 000010454-AbsorptionImageExpFrag.h5, 000010453-AbsorptionImageExpFrag.h5, 000010455-AbsorptionImageExpFrag.h5, 000010451-AbsorptionImageExpFrag.h5"
0.01503,623.0,914.0,620.0,912.0,0.6081942014533461,33.39774506597384,39.9455355205168,918.8417072231694,625.5713372650005,7.8024602089e-07,14253471.75112178,../results/2025-09-10/13/,"000010452-AbsorptionImageExpFrag.h5, 000010456-AbsorptionImageExpFrag.h5, 000010454-AbsorptionImageExpFrag.h5, 000010453-AbsorptionImageExpFrag.h5, 000010455-AbsorptionImageExpFrag.h5, 000010451-AbsorptionImageExpFrag.h5"
0.01703,617.0,912.0,610.0,910.0,0.4516469799171994,38.25229341164763,45.20832080197888,918.3567662039027,611.7034535677867,7.8024602089e-07,13627388.751336621,../results/2025-09-10/13/,"000010452-AbsorptionImageExpFrag.h5, 000010456-AbsorptionImageExpFrag.h5, 000010454-AbsorptionImageExpFrag.h5, 000010453-AbsorptionImageExpFrag.h5, 000010455-AbsorptionImageExpFrag.h5, 000010451-AbsorptionImageExpFrag.h5"
0.01903,595.0,905.0,584.0,908.0,0.3801608618738521,50.08748622569967,57.653408535379675,917.1037454103414,596.723869276685,7.8024602089e-07,18647319.021252602,../results/2025-09-10/13/,"000010452-AbsorptionImageExpFrag.h5, 000010456-AbsorptionImageExpFrag.h5, 000010454-AbsorptionImageExpFrag.h5, 000010453-AbsorptionImageExpFrag.h5, 000010455-AbsorptionImageExpFrag.h5, 000010451-AbsorptionImageExpFrag.h5"
0.02103,579.0,905.0,592.0,910.0,0.31930720952929337,43.39801838199349,50.13765330726514,916.1515447387233,584.4460431316403,7.8024602089e-07,12217157.966677751,../results/2025-09-10/13/,"000010452-AbsorptionImageExpFrag.h5, 000010456-AbsorptionImageExpFrag.h5, 000010454-AbsorptionImageExpFrag.h5, 000010453-AbsorptionImageExpFrag.h5, 000010455-AbsorptionImageExpFrag.h5, 000010451-AbsorptionImageExpFrag.h5"
0.00103,674.0,922.0,622.0,902.0,0.007944968137446162,138.8849323376874,345.82909964294606,909.7188747506714,697.9821157526272,7.8024602089e-07,4701561.935582245,../results/2025-09-10/13/,"000010452-AbsorptionImageExpFrag.h5, 000010456-AbsorptionImageExpFrag.h5, 000010454-AbsorptionImageExpFrag.h5, 000010453-AbsorptionImageExpFrag.h5, 000010455-AbsorptionImageExpFrag.h5, 000010451-AbsorptionImageExpFrag.h5"
0.00303,664.0,923.0,654.0,918.0,2.4032797769425813,12.831626654427094,20.635109414361796,922.6662590939234,665.6527155798699,7.8024602089e-07,9104133.630145665,../results/2025-09-10/13/,"000010452-AbsorptionImageExpFrag.h5, 000010456-AbsorptionImageExpFrag.h5, 000010454-AbsorptionImageExpFrag.h5, 000010453-AbsorptionImageExpFrag.h5, 000010455-AbsorptionImageExpFrag.h5, 000010451-AbsorptionImageExpFrag.h5"
0.00503,665.0,922.0,644.0,914.0,1.7915404766990057,15.810640664041637,23.623007630080775,922.0245505965643,662.4616714540878,7.8024602089e-07,9547633.33056215,../results/2025-09-10/13/,"000010452-AbsorptionImageExpFrag.h5, 000010456-AbsorptionImageExpFrag.h5, 000010454-AbsorptionImageExpFrag.h5, 000010453-AbsorptionImageExpFrag.h5, 000010455-AbsorptionImageExpFrag.h5, 000010451-AbsorptionImageExpFrag.h5"
0.00703,660.0,917.0,638.0,913.0,1.4978737141861012,19.179007621317016,26.051118596718897,921.7515735806185,658.7381303175856,7.8024602089e-07,10694996.26489544,../results/2025-09-10/13/,"000010452-AbsorptionImageExpFrag.h5, 000010456-AbsorptionImageExpFrag.h5, 000010454-AbsorptionImageExpFrag.h5, 000010453-AbsorptionImageExpFrag.h5, 000010455-AbsorptionImageExpFrag.h5, 000010451-AbsorptionImageExpFrag.h5"
0.009030000000000002,658.0,916.0,636.0,914.0,1.1529974101691944,22.831192555014376,30.136620886180868,920.7051868435033,650.7203494009605,7.8024602089e-07,11385696.814127618,../results/2025-09-10/13/,"000010452-AbsorptionImageExpFrag.h5, 000010456-AbsorptionImageExpFrag.h5, 000010454-AbsorptionImageExpFrag.h5, 000010453-AbsorptionImageExpFrag.h5, 000010455-AbsorptionImageExpFrag.h5, 000010451-AbsorptionImageExpFrag.h5"
0.01103,644.0,919.0,587.0,905.0,0.9185604054374471,31.785552361941107,39.73317665742307,919.6136065541718,641.7080397896585,7.8024602089e-07,16104105.759918531,../results/2025-09-10/13/,"000010452-AbsorptionImageExpFrag.h5, 000010456-AbsorptionImageExpFrag.h5, 000010454-AbsorptionImageExpFrag.h5, 000010453-AbsorptionImageExpFrag.h5, 000010455-AbsorptionImageExpFrag.h5, 000010451-AbsorptionImageExpFrag.h5"
0.013030000000000002,636.0,924.0,627.0,912.0,0.6795646606158214,29.719758728208333,36.14558325294097,919.0841601093739,634.3581358191284,7.8024602089e-07,10519967.472007947,../results/2025-09-10/13/,"000010452-AbsorptionImageExpFrag.h5, 000010456-AbsorptionImageExpFrag.h5, 000010454-AbsorptionImageExpFrag.h5, 000010453-AbsorptionImageExpFrag.h5, 000010455-AbsorptionImageExpFrag.h5, 000010451-AbsorptionImageExpFrag.h5"
0.01503,625.0,917.0,632.0,914.0,0.5890140976988147,32.55734401817652,39.22213786893536,919.1706645347788,625.2188547126818,7.8024602089e-07,10855578.022822103,../results/2025-09-10/13/,"000010452-AbsorptionImageExpFrag.h5, 000010456-AbsorptionImageExpFrag.h5, 000010454-AbsorptionImageExpFrag.h5, 000010453-AbsorptionImageExpFrag.h5, 000010455-AbsorptionImageExpFrag.h5, 000010451-AbsorptionImageExpFrag.h5"
0.01703,618.0,912.0,580.0,906.0,0.4663914475764276,49.67900153115889,57.815462109798055,918.3108309372831,609.5192811176449,7.8024602089e-07,18362394.673668496,../results/2025-09-10/13/,"000010452-AbsorptionImageExpFrag.h5, 000010456-AbsorptionImageExpFrag.h5, 000010454-AbsorptionImageExpFrag.h5, 000010453-AbsorptionImageExpFrag.h5, 000010455-AbsorptionImageExpFrag.h5, 000010451-AbsorptionImageExpFrag.h5"
0.01903,596.0,905.0,602.0,910.0,0.3724077436485943,42.16653963949799,49.50554024973927,918.0167278298964,598.857496277997,7.8024602089e-07,11132410.576098273,../results/2025-09-10/13/,"000010452-AbsorptionImageExpFrag.h5, 000010456-AbsorptionImageExpFrag.h5, 000010454-AbsorptionImageExpFrag.h5, 000010453-AbsorptionImageExpFrag.h5, 000010455-AbsorptionImageExpFrag.h5, 000010451-AbsorptionImageExpFrag.h5"
0.02103,582.0,898.0,594.0,910.0,0.29535349083429974,43.83076334185946,50.783518668878315,916.8323245481315,584.5692136239907,7.8024602089e-07,9452955.43348959,../results/2025-09-10/13/,"000010452-AbsorptionImageExpFrag.h5, 000010456-AbsorptionImageExpFrag.h5, 000010454-AbsorptionImageExpFrag.h5, 000010453-AbsorptionImageExpFrag.h5, 000010455-AbsorptionImageExpFrag.h5, 000010451-AbsorptionImageExpFrag.h5"
0.00103,673.0,923.0,657.0,904.0,0.008804126824417557,135.21343304008496,342.07245924360603,911.26143507396,801.217721009259,7.8024602089e-07,4714640.250067003,../results/2025-09-10/13/,"000010452-AbsorptionImageExpFrag.h5, 000010456-AbsorptionImageExpFrag.h5, 000010454-AbsorptionImageExpFrag.h5, 000010453-AbsorptionImageExpFrag.h5, 000010455-AbsorptionImageExpFrag.h5, 000010451-AbsorptionImageExpFrag.h5"
0.00303,666.0,925.0,654.0,917.0,2.5318580286210732,12.802380048361037,20.708979162819954,922.7386114414182,665.9082160764267,7.8024602089e-07,9585546.921643326,../results/2025-09-10/13/,"000010452-AbsorptionImageExpFrag.h5, 000010456-AbsorptionImageExpFrag.h5, 000010454-AbsorptionImageExpFrag.h5, 000010453-AbsorptionImageExpFrag.h5, 000010455-AbsorptionImageExpFrag.h5, 000010451-AbsorptionImageExpFrag.h5"
0.00503,666.0,922.0,647.0,913.0,1.8703417801308888,15.844438047622267,23.616667307351147,922.3224255086354,661.4538491921942,7.8024602089e-07,9997907.983565046,../results/2025-09-10/13/,"000010452-AbsorptionImageExpFrag.h5, 000010456-AbsorptionImageExpFrag.h5, 000010454-AbsorptionImageExpFrag.h5, 000010453-AbsorptionImageExpFrag.h5, 000010455-AbsorptionImageExpFrag.h5, 000010451-AbsorptionImageExpFrag.h5"
0.00703,658.0,918.0,592.0,905.0,1.5795646952290878,21.47348346138967,29.70032260741706,920.9952862590524,656.6444122070563,7.8024602089e-07,14107688.192500684,../results/2025-09-10/13/,"000010452-AbsorptionImageExpFrag.h5, 000010456-AbsorptionImageExpFrag.h5, 000010454-AbsorptionImageExpFrag.h5, 000010453-AbsorptionImageExpFrag.h5, 000010455-AbsorptionImageExpFrag.h5, 000010451-AbsorptionImageExpFrag.h5"
0.009030000000000002,650.0,925.0,647.0,916.0,1.1372093261088132,22.185290695132885,28.870046964028653,920.8701695933742,650.3766060864303,7.8024602089e-07,10498996.576372867,../results/2025-09-10/13/,"000010452-AbsorptionImageExpFrag.h5, 000010456-AbsorptionImageExpFrag.h5, 000010454-AbsorptionImageExpFrag.h5, 000010453-AbsorptionImageExpFrag.h5, 000010455-AbsorptionImageExpFrag.h5, 000010451-AbsorptionImageExpFrag.h5"
0.01103,645.0,917.0,633.0,912.0,0.9132255796198223,26.125087090252705,32.77752373351282,920.0901730292474,645.0652346327653,7.8024602089e-07,11254415.796384262,../results/2025-09-10/13/,"000010452-AbsorptionImageExpFrag.h5, 000010456-AbsorptionImageExpFrag.h5, 000010454-AbsorptionImageExpFrag.h5, 000010453-AbsorptionImageExpFrag.h5, 000010455-AbsorptionImageExpFrag.h5, 000010451-AbsorptionImageExpFrag.h5"
0.013030000000000002,626.0,917.0,627.0,913.0,0.6758364296745292,29.821812411806526,36.51000427188747,919.5190462294747,635.6784502582198,7.8024602089e-07,10590720.742031697,../results/2025-09-10/13/,"000010452-AbsorptionImageExpFrag.h5, 000010456-AbsorptionImageExpFrag.h5, 000010454-AbsorptionImageExpFrag.h5, 000010453-AbsorptionImageExpFrag.h5, 000010455-AbsorptionImageExpFrag.h5, 000010451-AbsorptionImageExpFrag.h5"
0.01503,626.0,917.0,582.0,904.0,0.48275015942074206,52.27062724086423,60.8699077921139,919.1324453021616,620.0131498143812,7.8024602089e-07,20631086.68774571,../results/2025-09-10/13/,"000010452-AbsorptionImageExpFrag.h5, 000010456-AbsorptionImageExpFrag.h5, 000010454-AbsorptionImageExpFrag.h5, 000010453-AbsorptionImageExpFrag.h5, 000010455-AbsorptionImageExpFrag.h5, 000010451-AbsorptionImageExpFrag.h5"
0.01703,619.0,913.0,639.0,916.0,0.43025742273739465,30.251549300286456,36.01597874783512,918.9975128139299,614.126920104378,7.8024602089e-07,6867453.615523821,../results/2025-09-10/13/,"000010452-AbsorptionImageExpFrag.h5, 000010456-AbsorptionImageExpFrag.h5, 000010454-AbsorptionImageExpFrag.h5, 000010453-AbsorptionImageExpFrag.h5, 000010455-AbsorptionImageExpFrag.h5, 000010451-AbsorptionImageExpFrag.h5"
0.01903,600.0,924.0,605.0,910.0,0.38022817771882333,41.64053283662424,48.343809478747374,918.1561766359146,599.8936844934199,7.8024602089e-07,10969195.093786506,../results/2025-09-10/13/,"000010452-AbsorptionImageExpFrag.h5, 000010456-AbsorptionImageExpFrag.h5, 000010454-AbsorptionImageExpFrag.h5, 000010453-AbsorptionImageExpFrag.h5, 000010455-AbsorptionImageExpFrag.h5, 000010451-AbsorptionImageExpFrag.h5"
0.02103,582.0,909.0,607.0,912.0,0.28533332916695753,41.65866940433184,48.18733062018718,916.9385625654772,583.1719415944613,7.8024602089e-07,8284853.753193488,../results/2025-09-10/13/,"000010452-AbsorptionImageExpFrag.h5, 000010456-AbsorptionImageExpFrag.h5, 000010454-AbsorptionImageExpFrag.h5, 000010453-AbsorptionImageExpFrag.h5, 000010455-AbsorptionImageExpFrag.h5, 000010451-AbsorptionImageExpFrag.h5"
0.00103,671.0,922.0,613.0,901.0,0.011946361210581569,140.4358102618191,325.7545655786583,907.5751359106,661.5188508854039,7.8024602089e-07,6992804.224755551,../results/2025-09-10/13/,"000010452-AbsorptionImageExpFrag.h5, 000010456-AbsorptionImageExpFrag.h5, 000010454-AbsorptionImageExpFrag.h5, 000010453-AbsorptionImageExpFrag.h5, 000010455-AbsorptionImageExpFrag.h5, 000010451-AbsorptionImageExpFrag.h5"
0.00303,674.0,920.0,670.0,920.0,2.503380043799255,12.507058284020369,20.128345110951535,921.7728954352774,666.2269088003078,7.8024602089e-07,9049771.100013202,../results/2025-09-10/13/,"000010452-AbsorptionImageExpFrag.h5, 000010456-AbsorptionImageExpFrag.h5, 000010454-AbsorptionImageExpFrag.h5, 000010453-AbsorptionImageExpFrag.h5, 000010455-AbsorptionImageExpFrag.h5, 000010451-AbsorptionImageExpFrag.h5"
0.00503,664.0,923.0,672.0,920.0,1.8379826281295166,14.697467909600267,21.913180193594552,922.317764041062,662.5583103415329,7.8024602089e-07,8560149.206779905,../results/2025-09-10/13/,"000010452-AbsorptionImageExpFrag.h5, 000010456-AbsorptionImageExpFrag.h5, 000010454-AbsorptionImageExpFrag.h5, 000010453-AbsorptionImageExpFrag.h5, 000010455-AbsorptionImageExpFrag.h5, 000010451-AbsorptionImageExpFrag.h5"
0.00703,659.0,919.0,640.0,914.0,1.5051311991885827,19.299500044860157,26.272856441334646,921.0720828447284,656.748488810815,7.8024602089e-07,10927076.635460343,../results/2025-09-10/13/,"000010452-AbsorptionImageExpFrag.h5, 000010456-AbsorptionImageExpFrag.h5, 000010454-AbsorptionImageExpFrag.h5, 000010453-AbsorptionImageExpFrag.h5, 000010455-AbsorptionImageExpFrag.h5, 000010451-AbsorptionImageExpFrag.h5"
0.009030000000000002,655.0,919.0,666.0,918.0,1.1443120026697682,20.646356924937045,26.755156563932857,920.2164282946878,652.4388814546568,7.8024602089e-07,9209129.81699325,../results/2025-09-10/13/,"000010452-AbsorptionImageExpFrag.h5, 000010456-AbsorptionImageExpFrag.h5, 000010454-AbsorptionImageExpFrag.h5, 000010453-AbsorptionImageExpFrag.h5, 000010455-AbsorptionImageExpFrag.h5, 000010451-AbsorptionImageExpFrag.h5"
0.01103,648.0,923.0,659.0,916.0,0.8764763582957071,24.488759970281013,30.614495542608584,919.9525487225346,646.1199623383357,7.8024602089e-07,9534730.106255354,../results/2025-09-10/13/,"000010452-AbsorptionImageExpFrag.h5, 000010456-AbsorptionImageExpFrag.h5, 000010454-AbsorptionImageExpFrag.h5, 000010453-AbsorptionImageExpFrag.h5, 000010455-AbsorptionImageExpFrag.h5, 000010451-AbsorptionImageExpFrag.h5"
0.013030000000000002,640.0,914.0,651.0,918.0,0.6527091707493923,25.83569220186149,31.751724351058478,919.9997976357574,635.849062484055,7.8024602089e-07,7857461.958113267,../results/2025-09-10/13/,"000010452-AbsorptionImageExpFrag.h5, 000010456-AbsorptionImageExpFrag.h5, 000010454-AbsorptionImageExpFrag.h5, 000010453-AbsorptionImageExpFrag.h5, 000010455-AbsorptionImageExpFrag.h5, 000010451-AbsorptionImageExpFrag.h5"
0.01503,618.0,911.0,621.0,912.0,0.5521566442504946,33.306360308792705,40.19484959697452,918.7744119486774,623.5395691697901,7.8024602089e-07,10657923.77271247,../results/2025-09-10/13/,"000010452-AbsorptionImageExpFrag.h5, 000010456-AbsorptionImageExpFrag.h5, 000010454-AbsorptionImageExpFrag.h5, 000010453-AbsorptionImageExpFrag.h5, 000010455-AbsorptionImageExpFrag.h5, 000010451-AbsorptionImageExpFrag.h5"
0.01703,618.0,913.0,611.0,911.0,0.46516489730986543,37.818721040545036,44.91513253813913,918.1438573186581,611.5668683754012,7.8024602089e-07,11330149.580044385,../results/2025-09-10/13/,"000010452-AbsorptionImageExpFrag.h5, 000010456-AbsorptionImageExpFrag.h5, 000010454-AbsorptionImageExpFrag.h5, 000010453-AbsorptionImageExpFrag.h5, 000010455-AbsorptionImageExpFrag.h5, 000010451-AbsorptionImageExpFrag.h5"
0.01903,596.0,908.0,605.0,911.0,0.38236356615902234,40.68334811582183,47.6941480038003,917.9256527128423,599.26231143868,7.8024602089e-07,10672753.526586957,../results/2025-09-10/13/,"000010452-AbsorptionImageExpFrag.h5, 000010456-AbsorptionImageExpFrag.h5, 000010454-AbsorptionImageExpFrag.h5, 000010453-AbsorptionImageExpFrag.h5, 000010455-AbsorptionImageExpFrag.h5, 000010451-AbsorptionImageExpFrag.h5"
0.02103,578.0,914.0,592.0,910.0,0.3055282895619543,43.210943965217986,49.973548650852166,916.218744162159,584.2921996280028,7.8024602089e-07,9514614.224386917,../results/2025-09-10/13/,"000010452-AbsorptionImageExpFrag.h5, 000010456-AbsorptionImageExpFrag.h5, 000010454-AbsorptionImageExpFrag.h5, 000010453-AbsorptionImageExpFrag.h5, 000010455-AbsorptionImageExpFrag.h5, 000010451-AbsorptionImageExpFrag.h5"
